ID_PRODUTO,FLAG_PROMOCAO,ANO,MES,DIA_SEMANA,ESTOQUE_REAL,ESTOQUE_PREVISTO
12,0,2024,1,6,7,39.50366666666667
24,0,2024,1,1,44,16.5865
25,0,2024,1,6,0,24.201666666666664
6,1,2024,1,5,28,9.9525
5,0,2024,1,3,88,39.63333333333333
20,0,2024,1,0,2,36.868500000000004
3,0,2024,1,0,0,50.26916666666665
25,1,2024,1,3,35,12.635
19,0,2024,1,1,56,19.727857142857143
1,1,2024,1,3,22,41.725
